{"cameraMode":{"drawMode":0,"name":"Shaded","section":"Shading Mode"},"sceneLighting":true,"audioPlay":false,"sceneViewState":{"m_AlwaysRefresh":false,"showFog":true,"showSkybox":true,"showFlares":true,"showImageEffects":true,"showParticleSystems":true,"showVisualEffectGraphs":true,"m_FxEnabled":true},"in2DMode":false,"pivot":{"x":0.5584822297096252,"y":0.39732682704925539,"z":0.5151771306991577},"rotation":{"x":0.3123995065689087,"y":0.2236996293067932,"z":-0.07594995945692063,"w":0.9201158285140991},"size":2.8924922943115236,"orthographic":false}